"x_1","x_2","y"
0.411808536784435,0.100320217741884,0
1.27474553943451,1.8410755292154,0
0.115488283656804,1.18303045126796,0
-0.486306243946669,-1.27479960450107,0
0.257625042890136,0.192592452864991,0
-1.52607754103394,-0.270034621699958,0
0.567274685752504,0.96476997784062,0
0.263094081040997,-0.417317357235172,0
0.275771503161628,-0.613270805960717,0
-0.390170053615757,0.339076353200252,0
0.506262782083145,0.676401540353171,0
1.91577467569161,1.00366359457518,0
-0.185665310259411,0.372568615232171,0
0.388480487868737,0.143310743388921,0
-0.960226414298598,-1.01554719014128,0
-0.701460071271341,0.432502626722052,0
0.20208907771358,0.0207909917692877,0
1.05545783804992,0.959338525233612,0
0.0537118327136066,-0.12394832046802,0
-0.0298594792274738,-0.806945877275215,0
1.10565688782868,1.16439979971601,0
-0.878913733070898,-1.78627575798191,0
-0.0309222268485123,-0.561436921552929,0
2.02859714361488,2.28326480942069,0
0.467334039885298,-0.537143880891057,0
1.32198852027037,0.501335444122961,0
-0.767227300611736,-0.425351770172715,0
1.46796820086618,1.80381194331174,0
1.41616130925091,1.6545354125283,0
-0.0593196238089387,-0.230542224768066,0
-0.648465418673751,-0.922551882462627,0
-0.362162141918047,0.797009046482127,0
-1.35659689420587,-1.02824086187886,0
-1.37797332593585,0.119863020035488,0
0.578520790681731,0.785700544838633,0
-0.382264602736995,0.618738101877768,0
-0.457655542241208,-1.10190433199443,0
-0.432252746657792,-0.398791834359659,0
1.20870606596259,0.758456268620893,0
0.651786710717338,1.14170978832201,0
0.947712307921147,0.54954042419634,0
2.35803640018705,2.48586920865174,0
1.66012045984778,1.37524958574446,0
0.489940464490465,1.86954744415754,0
2.33252628790552,1.60161594567762,0
0.0664895681655301,0.100874862242891,0
1.36568396658838,0.43970544058706,0
0.422337704307901,1.01195694596588,0
-2.22451813874569,-2.6067658862051,0
1.12795724328437,0.93479632613226,0
1.35491990576904,-0.60055298342993,0
-1.03260848210567,-0.616646323016063,0
-0.00895027483491262,0.359550898907107,0
0.0678664475273233,-0.794619566451043,0
0.0718118451533081,-0.549996162283858,0
-1.09296757581279,-0.753981633236204,0
-0.126975761414147,0.856155352571378,0
0.719398168456589,1.27320586006747,0
-0.494435118512788,-1.09236515594048,0
-0.814872391773402,0.389262210667404,0
0.326893201720085,1.11607178697046,0
0.546705703578587,-1.00332926761531,0
0.0214022652309291,-0.112185522666098,0
0.340677975051123,-0.0278597508098901,0
-0.58051267846067,0.203624925635567,0
1.11798026665913,1.33262432818008,0
0.811169343894084,0.804980413762135,0
0.805802785981861,1.06944603482939,0
0.396558176644044,0.741276741678124,0
0.30424375959316,1.1462143365251,0
-0.831774281477667,-0.0832696991306994,0
0.3702403031183,0.176048255120549,0
0.531515705489402,1.43630738645625,0
-0.252310089647477,0.0545788092062887,0
2.26525499541982,0.801130880773343,0
-0.310814931551039,0.177720394429238,0
-0.350059743651722,0.697590293021657,0
1.07017351126146,0.356045000461012,0
-0.0804297852940804,-0.273521205988185,0
1.0289944105477,0.600296511819352,0
1.98147720126905,1.65610108673264,0
0.672510516432433,1.36793154479117,0
-0.19282520475809,0.00149763142222786,0
0.564766697239834,0.352232044132042,0
1.63568366467733,1.37421755722865,0
-0.600672599575086,0.703174800728298,0
1.3481745986369,-0.289984943159225,0
1.39761098869604,1.47278804724105,0
-0.303023453943594,0.585808821370765,0
-0.691050120901633,-1.39203503210868,0
0.56689946960068,1.35999384488345,0
1.5228258505007,0.439219509835976,0
0.186612209354562,0.692590272931827,0
0.688040876729827,-0.0523760106976119,0
0.930594133573822,1.09423280326275,0
0.779515569348196,-0.204019546394313,0
0.718726559519151,0.795451842559971,0
-0.2376842141589,0.490465643956381,0
-0.36177697058129,0.409588422646861,0
-0.380372280761488,0.378727015793505,0
0.800297702980779,0.0088440817700079,0
0.380258021363479,1.07022887621624,0
-1.28388336137053,0.233493510314031,0
0.656378199174233,-0.475616327092072,0
-0.446341549798199,-0.967641196387366,0
-1.17240259251181,-0.87760488147736,0
2.53904956584253,2.62729890583011,0
-0.149886133646358,-0.678433995715872,0
-0.516922801034544,-1.0065238910025,0
-0.348718819652696,0.00760325182539945,0
2.02805862445973,1.93397026261064,0
0.623008838553165,-0.646751021630119,0
-0.17414737915808,0.829344109537354,0
-0.524209945695408,1.58661066045833,0
-0.604505189514163,-1.19951447278372,0
0.017002434392524,0.0673149407789397,0
1.00638131449106,1.56335019647165,0
-0.313514764682072,-0.138539894099258,0
-1.05798529084235,-0.719476602683269,0
0.469554436411574,0.756843825201299,0
-0.529486797668097,0.0925906028843523,0
0.139976920533082,0.0810380289768068,0
1.16939350478221,1.09779800639556,0
1.27403148040075,1.25220836953025,0
0.93657564414637,1.21768273840481,0
0.426675390835765,-0.426111154214648,0
1.03260642877442,0.33645030966643,0
0.121810288012793,-0.223584942810125,0
0.0590146147018461,1.26285860704421,0
0.958912612536602,0.793389376591405,0
2.00376734548354,0.109421432953907,0
0.299124506578724,0.0959801324083721,0
2.17750773127748,1.649217919098,0
1.88926748412064,-0.0371075943178076,0
0.722429387449772,1.60373071711998,0
0.641323041602282,0.928428853206966,0
1.18246726177904,-0.0168544409467328,0
0.855225766243597,0.950117442463254,0
0.104406731714942,0.462733277547726,0
2.94886895976915,2.29126572483411,0
-0.476230146006585,0.914324836550327,0
-0.539456455406647,0.139332054290046,0
-0.559392734717906,1.72484554326556,0
1.14200372359139,0.738722807664609,0
1.47565390272414,0.875856590284796,0
0.185142208193175,1.46345303701477,0
0.607409223541095,0.0805407882234699,0
-0.866180123398942,-0.109192733752792,0
0.196760465434759,-0.758073654244649,0
-0.303279726704629,-0.171625991731609,0
0.223411018344723,0.579220913475361,0
0.384185640359796,1.00810976284461,0
-0.456426127284954,-0.0680590478589917,0
-0.0790654929206691,-0.541773370107161,0
0.732234231349889,0.17135319627405,0
1.63023608542965,1.43144231943599,0
-0.182921470740965,-0.917928657750007,0
2.55465490454347,2.80080757918249,0
-0.882952315689621,-0.922153894068251,0
0.30110871025733,-1.09131996136105,0
-0.294794854883771,0.59254027594356,0
0.587025108718915,-0.503967857239089,0
-0.188868416424666,-0.782023981176642,0
1.23916177846201,0.683498703009206,0
0.898190470313268,1.36291808231482,0
-1.41390152323129,0.0073439585757111,0
0.82151138720949,1.28323428246869,0
-0.765953383003838,0.645139522070381,0
-0.857229997181168,-0.897223363074425,0
1.43744750101766,0.830405921180567,0
0.974662686487914,1.39679721254008,0
-0.735995164405374,0.581780230660252,0
-0.846292194869244,-1.91232266538393,0
0.37032573750694,0.914183146456565,0
1.8440216588488,1.23061779450186,0
1.75156291408009,1.16995693332334,0
0.53293396380314,1.16867448372761,0
-0.155083257022726,-0.255775640775105,0
-0.94497159396241,0.553422880942794,0
-0.183861630845695,-1.13397982498454,0
-0.244487110280077,-1.3302852086157,0
0.0859072341781256,0.472259910865165,0
2.08151186657367,1.91345917052195,0
-3.01746389925475,-1.55942230904269,0
0.371360894647065,-1.18344744474663,0
-1.33783011076908,-0.648308018128994,0
0.477145177861513,1.49133993362518,0
0.405972119748459,-0.0262124034422519,0
0.979332525997283,0.113789220541171,0
0.943592794462545,0.880807376368512,0
0.803679605457821,-0.507112372635431,0
-0.363816873452372,0.544600100473964,0
0.22477861020691,0.671543452505545,0
0.0799739235648274,1.2989072302319,0
0.961866755620339,0.176735682356481,0
1.91488078260807,1.36425128136461,0
0.158014567354989,0.0930891774380672,0
1.10919946112591,-0.761765795828238,0
1.86800418106334,1.65126290353324,0
0.624368022817522,1.55984459080585,0
0.334647075901134,-0.276438587231685,0
0.252990343031451,-0.227354904441476,0
0.107664481063254,0.908143909909796,0
-0.142689394870803,0.0670984740854197,0
0.674540756472417,1.68760856416675,0
1.39118469095803,0.990044278223854,0
-0.791810641276783,-0.0403849287969384,0
0.331174140846443,0.628906636572201,0
0.202210946832914,0.524883724953489,0
0.367385103633116,0.185526625614104,0
1.09014697065422,0.305211901799692,0
1.33234896829982,1.51597555533024,0
1.21995849246544,1.32822064603904,0
2.62426514717206,2.51052871545699,0
0.761280877647138,1.23492229829051,0
-1.71106556095934,-1.18382821418031,0
0.313811062851982,0.87983240069817,0
0.464553188060089,0.951273778734273,0
0.933100504906717,1.30875312571873,0
0.52173806504464,0.972182228963051,0
0.133488150162239,-0.337976319564289,0
0.655012996612289,1.85829813551708,0
1.83792273286112,1.77015239508683,0
-0.40226986637054,-0.495326000476574,0
-0.705494151717261,-0.71987967138357,0
-0.37450642413159,0.49005602435024,0
1.2169871390269,1.31901965247071,0
1.89825197589864,0.831045434997694,0
-1.46648213648506,-1.08368586638156,0
0.383730645622385,-0.0381548673266864,0
0.116664371754406,0.602569527090175,0
3.05153390656952,1.46453653339783,0
2.99139060004638,1.29238113684445,0
-1.28227179669417,-1.30371228094638,0
0.796751497924362,1.07465032348121,0
-1.47714774673182,-0.889453914062152,0
0.745695230787337,-0.541299936561446,0
0.568827449476381,0.265648308703409,0
0.688908871931141,1.02031455568415,0
-1.08618092632899,-1.65147828455679,0
0.704428331942094,0.439171645576057,0
1.74344163446365,1.1638404343267,0
1.85094205688739,1.37481294381551,0
0.564158513356483,0.673472411109518,0
-1.28977977147249,0.179836813308707,0
0.124764724572076,0.90319820081818,0
3.0011247082275,2.13842832211151,0
1.00883774522347,0.153693200549535,0
2.5015139093295,1.85136195304723,0
1.15489256382754,1.22548903373679,0
1.03325818263446,2.52401728911032,0
1.28530643558397,0.901981673202186,0
1.50174856447763,0.783156126670275,0
0.423684657702184,0.67545663912982,0
0.753880779466114,0.263422464734564,0
0.0824239340179153,-0.0270286457330929,0
0.330525651259942,2.54443635261877,0
1.41461879797688,0.504126226386007,0
-1.09867313316539,-0.506518186126877,0
0.214525830290617,-0.112693039594512,0
2.04721521029806,1.76602538133981,0
2.30273052227871,1.09209965500212,0
-0.589901202951971,0.756837682203352,0
-0.636551423911876,-0.0199324092690555,0
1.01671651544173,1.55161179728153,0
1.59075902477848,0.0704812685553604,0
0.626384296436487,0.925330005293268,0
-0.256802573788986,0.122739648512406,0
1.62146815826574,1.18089739862467,0
0.504212686744266,0.772948581751346,0
-1.20147600790553,-0.918843182050348,0
0.489240144677784,1.14882015458779,0
-0.844048530515779,-1.04448531015058,0
0.0863030651080813,0.0887374836671343,0
0.55243865960644,0.558010305674325,0
0.500000166536503,0.859780526323952,0
0.232405561930985,0.815969091560066,0
-1.56330211644499,-0.872135034802383,0
-0.58200077972745,-0.500852461636209,0
1.27916130370357,1.94129176993384,0
-0.754302022702444,-1.16505233056701,0
0.323989750460887,0.1109991634792,0
0.676048553067909,1.01099821138362,0
-0.7359351386903,0.449643387915328,0
1.45520669342125,1.77971188363328,0
0.846301701338905,-0.229840512505469,0
2.14032278670093,2.77857255163833,0
2.38049657036604,0.940898765753854,0
-0.36719523519147,-0.149245162186708,0
-0.425281204119033,-0.974118914652486,0
3.362671657266,2.04904127029743,0
-0.452701596824311,0.646729245401755,0
1.98089905711115,1.40016171012027,0
-0.0906950838759455,0.10019316095802,0
-0.5901693835304,0.482131687585978,0
0.357563048674418,0.280398334389052,0
0.123806845106793,-0.0872559178377386,0
0.402074803173183,0.577303438652568,0
0.950022338532403,-0.196881981163344,0
0.66061757989519,0.828333133887247,0
1.22257372793918,1.27923401211596,0
0.798109476693711,0.408312603357886,0
0.149659409187338,-0.230070685766941,0
0.788421908871788,0.932673209427396,0
0.348445402762458,0.269246367747836,0
-0.182273997231107,-0.633442476785607,0
0.671661140618346,0.579920962020822,0
-0.215444686668918,-1.10831991735722,0
0.362521734961536,-0.464366343219561,0
-0.528231761046088,-0.456182893800043,0
-1.82503343756871,-2.21673865101768,0
0.869867380842057,1.97047071755826,0
2.35975806742662,2.1708544099321,0
0.696753197960444,0.350421309928661,0
-0.252267027024304,-1.50377852931839,0
1.52115370957912,1.66595204174594,0
0.939115764923925,1.01942990585378,0
1.78113135432097,1.76664093326978,0
-1.19808446837068,-0.195824854725398,0
1.8749573892469,1.92980887930877,0
0.509599653128065,0.887791652029338,0
1.62955320797502,2.31725120812958,0
0.511410480637163,-0.282756157011703,0
1.07967023832324,0.890331365258454,0
-0.760685096996956,0.903734976339393,0
1.45761252272359,1.18879111289855,0
2.65098005280205,2.43798276477007,0
1.29181656763157,0.134378767161352,0
1.10680683002655,1.5762120551213,0
1.42860425232996,0.359301814195234,0
-0.881238424928811,-0.96643894160638,0
-0.815844954241401,-0.771334621052847,0
1.5424810538613,1.22080265230424,0
0.543836822103978,-0.454691044888586,0
0.295037538943704,0.405080255757971,0
1.17063199036307,1.37491906491895,0
0.700416144924936,0.847419816685449,0
0.255936619185455,1.18732687013266,0
0.602959573271987,0.205725614848062,0
0.584945763979762,1.08902860429502,0
1.41442449635219,1.2275404152422,0
1.20722783922231,1.81408913676087,0
0.980417597514493,0.551150518653902,0
0.563137760465,0.521106959259383,0
-0.470957490526628,-0.745028402836101,0
-0.485768448657445,-0.700484337533765,0
1.37917378413431,0.697624946792559,0
-0.626208838347978,-0.180629694607107,0
0.832720051260595,-0.257238005711777,0
-0.345579211264974,0.730502351766473,0
0.448269273142646,0.898747233707166,0
0.312043682445929,-0.274465304765166,0
-0.459098969929872,-0.707093043628473,0
0.838434216667932,0.303968480736779,0
0.330900647688255,0.389662183245348,0
1.30553027734293,0.889920015820575,0
0.548999388063004,-0.0477233268272729,0
0.97401543138689,0.821643748480496,0
1.12983652271441,-0.529596554179033,0
-1.7619765399904,-1.75794972198955,0
0.129358113207334,-0.719655402272102,0
0.746012608827946,0.79516340058232,0
0.648613692964519,1.54495400032981,0
2.07680364003932,0.278217540698818,0
-0.671159398321801,-1.06531343386479,0
0.665028878052664,0.865134672330981,0
0.534043999921567,1.20266701100052,0
0.965352597365045,0.0149052347307779,0
0.375294323975724,0.689403252165819,0
0.965391801348961,0.761126535759061,0
2.02720914039617,1.30932300965623,0
0.198238998452702,0.914917183439292,0
2.14581316446056,1.23317109384871,0
2.44658358407924,0.699235080816939,0
-0.0249250778951755,0.691541911466694,0
2.58565312734504,1.47298917261569,0
-0.399464766654095,-0.474517496513683,0
1.80534618574761,1.31442865154432,0
0.785386685186145,0.258883491517986,0
0.880367047834767,0.700119961582614,0
0.645074558341366,-0.204946922327911,0
0.576703752780902,2.18531066484219,0
0.611593864569378,1.67375607909935,0
0.611723308526287,-0.190485426291119,0
-0.00876414696951199,-0.157877408782921,0
2.27918171818603,0.785730116460467,0
-0.0414916530603491,-0.105644703592486,0
-0.0913590946014878,0.377295005201591,0
0.128833638291837,1.08357840023788,0
1.3562830404745,1.30552081098543,0
0.78020830308921,1.12431545472409,0
0.12792463288667,0.783510030359032,0
-0.106856780758972,0.432848652012382,0
1.98490553625496,1.63027580497455,0
-0.19675249281039,-0.193070304730522,0
0.326022234996839,0.706816197790283,0
-0.185121274772065,0.0115472181066961,0
1.43767258108778,0.772791055150076,0
1.44483407209239,0.654973971037739,0
1.80905845997082,1.22352510435795,0
1.72352345027964,0.859694688927118,1
0.205164155888826,0.472799440883082,1
2.24461295619901,2.00480492262992,1
3.39538443073354,2.92794822342818,1
3.0323980476241,2.07628419667471,1
1.55605149079291,2.01011924611901,1
2.23639079942416,2.60411041689918,1
0.414156982125473,1.09425874589927,1
2.48546236882087,2.35881988734027,1
1.17906030285939,1.99695838466187,1
3.75862346444948,1.96711964524301,1
1.49983673820235,1.47457741875116,1
0.975418955682817,0.778923499661628,1
0.811257149784568,2.13459175674329,1
1.95668969692078,2.94751279949665,1
3.45759035861609,1.68355514038224,1
1.07587258400391,1.38940701173523,1
1.3052943951144,0.567387183845967,1
2.8236588072821,2.57665675270865,1
2.85092960375786,2.79558537111711,1
1.51998593357686,1.60130358323711,1
2.11909408297135,2.15937661589211,1
1.19166063072545,0.945864728194061,1
2.37568117416296,2.70958094799248,1
2.35167579386856,2.52370897189545,1
2.08303539797974,1.62017631649406,1
1.97039380391531,1.29143263801148,1
2.28201384088294,2.54444042829437,1
2.80092278585297,2.4889288467297,1
0.338925032697186,1.22196983463583,1
3.19058455880204,3.1036390905473,1
2.32225491473145,2.52070711640711,1
1.48579864270801,1.62151528251322,1
2.38619487070126,1.99707023321146,1
1.63050420444203,0.840083146514889,1
2.3439732386662,2.56953888264175,1
1.02483395803178,0.109739192892683,1
4.08400281535678,3.56026783938142,1
2.45681952830605,1.95804347185814,1
1.62181244407477,2.95789882636648,1
2.78239387559675,2.63549975009092,1
1.76800783262906,1.74555939465992,1
1.62551293784632,1.07091837481984,1
3.07476505149686,2.60784673950788,1
0.94040031808145,0.663490681974382,1
3.31638171209163,3.63234932971597,1
3.11984304826396,3.06190473065182,1
2.78336755067887,2.92714255341695,1
0.7411455575113,1.64495313008588,1
0.648812868408428,0.21537918349368,1
0.690832238308561,0.556079662566991,1
2.2234519108479,2.73129284455805,1
3.26420092932544,2.50442306907746,1
2.91986816606705,2.65025420437998,1
2.12703623079196,2.20606599773088,1
2.2640696297148,3.04050928118967,1
0.742144818093028,2.18733283920631,1
1.77433354074789,2.98448939101948,1
0.650861598069548,0.524514126879443,1
3.00971754648398,2.8296691128967,1
1.62028692800731,1.68993562810074,1
2.24074459202882,1.706736774625,1
1.60668329077855,2.37064758941292,1
1.83703404293591,1.63402186229391,1
1.73937467172251,2.00071232664703,1
1.70437105809772,2.00729943103869,1
2.181098808219,2.57729570001203,1
1.19434340808041,1.42902162070549,1
3.99115708327603,3.47569537218363,1
1.54916693108058,1.83537010269867,1
1.75463073185707,2.66980614299954,1
1.60722252505463,1.58474687133557,1
2.62738666989849,1.16543841737691,1
1.76126679086402,1.85707494054854,1
0.891769186304667,1.41852796957154,1
2.06794670913459,2.05593109210144,1
2.25594931725385,1.60994617588211,1
3.67315975198151,3.47731229621302,1
2.06328927501287,3.05351307926994,1
1.63193807161886,1.51677086971198,1
1.81505607043458,0.0632321463365104,1
3.15333756808801,4.03983416214997,1
1.9276344628061,1.47053861946018,1
1.19761802229472,1.66825848619623,1
2.00092217989373,1.55495518420148,1
2.43726509437162,1.90360330518766,1
2.00735996266656,1.7330673035501,1
1.34272091073022,0.823794353773988,1
1.96442113931077,2.04759360995926,1
-0.142149077891895,1.07954847490971,1
1.13614563031706,0.901518350611013,1
1.23691082049838,0.687897732820127,1
2.95485818770936,2.25929479910939,1
1.70955362162331,2.50449315792272,1
2.80018658670095,1.93643216432356,1
1.59086790052328,1.64604446279084,1
0.9737386433858,1.6271740142078,1
2.5559183470112,3.96739649100345,1
2.96690069291448,3.64761934205149,1
1.35455016070423,1.82574949549535,1
0.851663432854945,-0.0132195775046751,1
1.29785982845782,0.0256152525245259,1
2.35544674886273,2.26305228260704,1
2.26262053599869,2.49969529427847,1
-0.148819501116213,2.03230988917699,1
0.561954825071802,0.764122715447527,1
2.23950186995776,1.03978195904878,1
2.92728944098289,2.81826255581492,1
2.03141010410483,2.15796526566334,1
2.44110396584237,3.12407035309334,1
2.67025673411992,3.75976012120142,1
2.29446982508956,2.24346641792062,1
1.88630528489405,2.84425488293254,1
3.23389369636882,2.43811103666532,1
2.55418741613614,3.20622592397816,1
2.38584393804254,2.01110212839129,1
1.37583008531337,2.01476771945962,1
0.493283823113354,0.895565511291393,1
3.45778057263927,2.66585969283971,1
0.367728083389473,1.27500774212805,1
2.98183097824571,2.16908745142435,1
1.76910656692803,1.94309525918775,1
1.67787994892181,2.5085128032479,1
0.684541374445738,1.93997511991948,1
2.64882524313783,2.71326931465199,1
3.78802802410968,3.32979833768831,1
2.62273113966459,2.6770593521138,1
3.26482999120303,1.67788801930854,1
4.41146156810825,3.66740640648052,1
1.31226498435485,2.14604324557313,1
1.50309884217795,0.921345447152329,1
1.87265460566555,1.70124566169483,1
2.05175741174406,3.09351731978073,1
2.566974592798,3.04158658599016,1
2.61149776511494,1.04232312940258,1
1.45972921957773,1.17635938296649,1
1.43780718941667,1.7117260605772,1
3.68156126045558,2.86139107378464,1
1.29600711246653,2.40839022640685,1
3.49358623125433,3.03380698941176,1
2.30811683011125,1.83268324404175,1
1.10678132973308,1.54149830429276,1
0.611585602403428,1.2458973468149,1
3.5902884387929,2.90812739976823,1
2.12606531272669,1.19972306362164,1
1.22428531142208,1.48133603033109,1
0.423888098293933,2.07751797332085,1
0.264480710241711,1.74471463031759,1
3.69101830782612,3.22043076621355,1
2.81647768879973,3.14098000683341,1
1.27953728265069,0.830058512880995,1
1.88673518001926,1.94939568164884,1
1.41489169369354,1.97368644944489,1
1.47994460417313,1.32646902323478,1
2.96758601005109,2.48897045983177,1
3.66281536155245,3.02492129870968,1
3.56032844041996,2.82958855721469,1
2.08744514467708,3.2537732620652,1
3.04712599073493,2.39725199448966,1
1.18022789399315,1.18517995164657,1
2.42975972037596,2.39081719653723,1
3.35888660016567,3.19255694947575,1
1.16221794921633,0.954034473582312,1
3.12969656183755,2.50081147325392,1
1.69905936150932,2.58329813653245,1
1.69920479657669,2.66622226615382,1
1.27439456605274,1.27797277137401,1
1.34884781915831,0.394728201625103,1
1.13813480595609,1.92075906992999,1
4.25711210178284,3.06636737266472,1
3.17750279075224,2.10876709582676,1
3.51614625457867,4.25566048009328,1
2.65328026321556,2.70626986111405,1
3.36711329729134,1.89377474936574,1
1.61102950089979,2.27197834180773,1
1.32079555024762,-0.681484596639463,1
5.01704415332728,4.06005972274639,1
1.58590237632811,2.1603715715069,1
2.73829119893656,2.84325740864759,1
2.26758030957301,1.98869764052755,1
4.17513872595661,3.51948977130919,1
2.72639100450649,2.18352011967748,1
2.48342283694008,3.16736393749962,1
1.23705709206345,1.09051879554371,1
2.99295068836931,2.83376716157454,1
1.66300829372361,0.563749948736788,1
4.281655238796,3.65332035416906,1
3.61172676027133,3.65994616354367,1
2.67526847296093,3.14448119589397,1
2.09994738795849,2.37628991384879,1
2.21429114716068,1.35029772800432,1
0.744848738570313,0.786066745647582,1
2.48051890523059,2.64269116611373,1
0.761916254483877,0.449283457156767,1
2.99097296095595,3.54078035962903,1
2.03654839077941,1.82222044024358,1
1.0178939107035,2.12782296355778,1
0.297119690049709,-0.814388025506955,1
1.56317565613293,1.22595559700049,1
0.295241079199996,1.02614594938354,1
-0.156134888173623,-1.16119460939867,1
1.97118355396784,1.73249329551112,1
1.63207839021297,1.92869106377509,1
0.210374523422755,1.31779357292294,1
3.0039781914943,3.554182263457,1
1.54916546995451,2.21747832846984,1
1.8901130713162,1.73169253434801,1
2.1768761290609,1.94276548870557,1
0.00984317670192691,0.670197171159199,1
0.775278908087721,0.013786600157421,1
2.20973516772934,2.17295619365323,1
1.24701159117016,0.770864491352621,1
0.606353998409697,1.80447037226873,1
1.40303666065767,2.81681238800379,1
2.04771830801111,2.25748640282398,1
2.32698369461524,2.34252185269907,1
1.05891919049797,1.12957498087439,1
1.30447894732858,0.700931936030778,1
1.65204776649609,0.420933408863855,1
2.17038120754152,2.09871634782811,1
2.74590743220844,2.21309190928343,1
2.69856812797098,2.24015629482357,1
1.9498184567073,2.02472035200715,1
1.56874183944458,2.20137901576956,1
1.80894127263588,2.22451390495267,1
0.463068307588275,1.08562989579573,1
1.32848206978889,1.9262886949981,1
1.64495991328659,1.72772235540407,1
2.73096256429054,0.883047316692698,1
2.32952635685567,1.83315514435289,1
1.07461621028901,1.1465454447816,1
1.36061259415425,0.584798599957259,1
2.58190413765473,1.42023763961833,1
2.1793827681688,3.19301537999619,1
2.90075301881585,2.49817027842931,1
2.42843800899231,2.97472855592553,1
1.61584660503738,1.09134901851662,1
2.63024646859884,3.18212980144604,1
1.85886334756367,1.52341980634322,1
2.88800079697238,2.81884995902669,1
2.68858034349983,3.24362047642171,1
2.36160689662908,1.76830899141418,1
0.700580209128987,0.990987839199561,1
2.24420623675693,2.17127105455151,1
3.13628384964606,2.93868753100737,1
4.211818871314,3.13153949801595,1
4.60789446397579,3.78617456901139,1
1.03314416908884,-0.140645330052205,1
2.54232730176397,3.07167087250368,1
1.34276082820708,0.875243592639776,1
0.608331364242335,2.94295580880796,1
1.80905577119498,1.56265651444676,1
0.547736430439343,0.49136466335011,1
3.15313407963719,3.40664068199549,1
0.815593046771909,1.15676735790263,1
1.34173572082278,1.46828604817775,1
2.73992797325611,2.11269983122289,1
3.39975525615918,2.87387711477477,1
3.22951538719599,3.37607894556702,1
1.5489170223002,0.49200742064615,1
1.63307741580794,0.858805463700924,1
3.19261981483677,1.97900393038081,1
1.25447353171626,1.37730256427071,1
3.50242985234148,3.08421945617285,1
0.811798386848736,1.53870138658694,1
1.5809886545249,2.22006656019619,1
2.72309455449184,1.77332023123065,1
3.12057678241931,2.29469736005245,1
2.31920120726648,1.76999169317034,1
2.88029965570833,2.43199940023995,1
3.19110548306344,1.7191629895733,1
2.98054005290856,2.9662949257379,1
1.21089370977397,1.66355578269682,1
4.11352024962768,5.32698282189555,1
2.24260204402897,2.34948241640278,1
1.02860824121834,1.70882862782449,1
1.43885571364377,2.21696120249734,1
2.33112333907096,1.3246797702228,1
2.95596773166016,2.4975039944608,1
1.13373936366997,0.747118397061,1
3.10187136169893,3.71199405224917,1
2.48882137396175,1.87076236542957,1
1.65534764616637,1.52094006128131,1
1.03445753456494,1.17528739979882,1
1.4569314164091,2.16640086670331,1
4.76223017022604,3.85524798778362,1
1.17749158958647,0.339479056759023,1
1.29420607804487,2.92264069224476,1
1.64879088655334,2.3223746477963,1
1.23760355139819,1.76482491197927,1
2.48457910496682,1.70910719852174,1
3.27411112741385,5.10934085057185,1
2.49611823497302,2.10845533724592,1
3.09045837843544,2.58565552506107,1
1.11696994440161,1.39437729363366,1
1.60424633309386,1.59322606835614,1
1.44811428901552,1.76063511769973,1
2.34908452464874,2.5633680590052,1
4.46811161523513,4.73922712676533,1
2.34292604250215,1.59028660872314,1
1.80902649961382,2.2145854286696,1
0.276452842868096,0.140997419691996,1
2.66995120849099,2.91966284971301,1
2.26226181986664,2.51129227124466,1
3.25065402626236,3.00095473006736,1
2.96458933808325,2.5191202994987,1
1.57134578157454,2.64126203928969,1
0.65590879933553,0.487494598670868,1
0.804347669363124,1.12480475481136,1
1.03833632528278,0.828127870645653,1
1.49037978465982,1.90678354632361,1
0.568447532353148,1.08591170143933,1
2.40602705063028,2.46284475443445,1
3.01840139672197,2.65495552380391,1
1.83161725556129,2.3861650387723,1
1.54299340032995,1.68879231431453,1
1.03757818399506,1.06074070667412,1
1.73401487864666,2.17950302261312,1
2.46396009474231,1.51522239960974,1
3.11688920898025,2.72298215491097,1
3.20400047794551,4.22036513034528,1
1.36514793788736,2.69377914957511,1
4.59356279624464,3.92267305146635,1
2.62309878882329,2.36499124517626,1
2.81892762469306,3.27081530169138,1
1.91616249614197,1.43435989138455,1
3.21243769253541,2.28842826228154,1
4.19750951514547,4.30761459897911,1
1.49918920179334,1.87049364837893,1
2.40970906832424,2.61286015951603,1
1.91111135192754,1.69452727347657,1
2.93360540762497,3.04439203802173,1
1.49665236360286,2.34123850788379,1
1.27692375462578,1.03235889273123,1
3.26199746281507,3.02900634613243,1
3.76504438032228,3.32154316457559,1
1.38295927568038,1.12366270857932,1
2.88583240098379,3.13969380184434,1
2.12167609828299,1.82601900931473,1
3.04198767278712,3.45109116199177,1
1.0552683202327,0.937524380806941,1
1.65799524250867,2.29771025270212,1
2.73773992594546,3.17236126604958,1
3.02535975527001,3.06047093622185,1
3.82964477859655,2.67444492882502,1
1.53563332675723,2.20680942174696,1
2.2310851076192,2.44780808160479,1
2.86820085461456,1.68026221909675,1
0.786841095108623,1.89980317178131,1
2.76189450209711,1.94595433815028,1
3.11485193214139,2.54403982577687,1
2.81356335092884,1.50784982382449,1
1.05655039727531,0.810073517922071,1
1.8022654496747,1.06658665889168,1
1.27940078272509,0.95029729875079,1
2.76014211127597,3.13657905091235,1
2.03807356454683,2.5902892617366,1
3.19964299033361,2.85988452965743,1
1.85709732832632,1.98351506922103,1
1.94438016565632,3.01513399848122,1
2.21471069400902,3.14063136461505,1
1.55656916473505,2.76008107435072,1
-0.215446643699559,0.922272176500083,1
2.08382634153992,2.77438713698215,1
1.81905742440642,1.95452122689131,1
2.83297364773382,2.49773717670233,1
2.77299577452267,3.63438069392188,1
2.88770671689488,3.08315879070218,1
1.36265309501989,0.733348853157702,1
3.1328768054509,2.99859339737233,1
3.65286932847782,3.02929157983679,1
1.50062021833498,2.24589921983356,1
1.02697303965309,0.401398354652095,1
1.52251856221694,1.85369563372521,1
2.11111934839294,1.62385756365913,1
1.21555034099464,1.01131403866418,1
1.73141083290276,1.91268228333246,1
1.33705602577711,1.03637168580275,1
1.89867890382859,0.565361481622432,1
2.88977763605644,2.43851138195444,1
0.978155408405826,2.7121915138512,1
2.46918957244095,3.02072492028763,1
1.89090973682233,2.07227667990216,1
1.95705446019685,1.98773183727814,1
1.36384273682553,0.254923233495394,1
1.46228452017325,0.87421247745231,1
0.595155243685372,1.24701915859143,1
1.17896336055361,2.04970941986345,1
1.37522177001703,1.72107631564805,1
1.56605661819783,1.83051675458385,1
3.1142848688566,2.67648147552707,1
1.83955480713316,2.50643686831178,1
2.5410164943009,2.33325535768424,1
1.61581047171627,1.60832450230431,1
0.192153730251798,1.63470243790352,1
1.72469659263233,1.64501239861477,1
1.13905526300675,0.286837109379742,1
0.969095260807922,1.50815373072385,1
1.95753102103149,1.80549268072572,1
2.02533402414005,1.00415071529007,1
